blink_rate,mean_ibi,left_ear,right_ear,ear_difference,label
18.2,3.29,0.31,0.30,0.01,normal
16.7,3.59,0.29,0.30,0.01,normal
19.4,3.09,0.32,0.31,0.01,normal
17.1,3.50,0.30,0.30,0.00,normal
15.5,3.87,0.28,0.29,0.01,normal
20.2,2.97,0.33,0.32,0.01,normal
18.0,3.33,0.31,0.31,0.00,normal
16.0,3.75,0.29,0.28,0.01,normal
17.5,3.42,0.30,0.31,0.01,normal
19.0,3.15,0.32,0.32,0.00,normal
21.5,2.79,0.30,0.29,0.01,normal
14.8,4.05,0.29,0.30,0.01,normal
18.8,3.19,0.31,0.30,0.01,normal
17.3,3.46,0.30,0.30,0.00,normal
16.2,3.70,0.28,0.29,0.01,normal
8.2,7.31,0.27,0.28,0.01,needs_review
6.5,9.23,0.26,0.26,0.00,needs_review
7.0,8.57,0.25,0.25,0.00,needs_review
9.1,6.59,0.28,0.27,0.01,needs_review
5.5,10.90,0.24,0.25,0.01,needs_review
42.5,1.41,0.29,0.29,0.00,needs_review
45.0,1.33,0.30,0.31,0.01,needs_review
48.2,1.24,0.28,0.28,0.00,needs_review
38.0,1.57,0.27,0.27,0.00,needs_review
44.1,1.36,0.31,0.30,0.01,needs_review
16.5,3.63,0.32,0.22,0.10,needs_review
18.0,3.33,0.21,0.31,0.10,needs_review
15.0,4.00,0.33,0.24,0.09,needs_review
7.5,8.00,0.22,0.30,0.08,needs_review
46.0,1.30,0.23,0.31,0.08,needs_review
